{"cameraMode":{"drawMode":0,"name":"Shaded","section":"Shading Mode"},"sceneLighting":true,"audioPlay":false,"sceneViewState":{"showFog":true,"showMaterialUpdate":false,"showSkybox":true,"showFlares":true,"showImageEffects":true,"showParticleSystems":true},"in2DMode":false,"pivot":{"x":47.578575134277347,"y":-62.556331634521487,"z":-123.02025604248047},"rotation":{"x":0.032070599496364596,"y":0.9601300954818726,"z":-0.24702608585357667,"w":0.12805262207984925},"size":235.07748413085938,"orthographic":false}