{"cameraMode":{"drawMode":0,"name":"Shaded","section":"Shading Mode"},"sceneLighting":true,"audioPlay":false,"sceneViewState":{"showFog":true,"showMaterialUpdate":false,"showSkybox":true,"showFlares":true,"showImageEffects":true,"showParticleSystems":true},"in2DMode":false,"pivot":{"x":-4.755948066711426,"y":1.5909945964813233,"z":-0.22591158747673036},"rotation":{"x":0.05517006292939186,"y":-0.4489118456840515,"z":0.02778361178934574,"w":0.8914483189582825},"size":10.0,"orthographic":false}