{"cameraMode":{"drawMode":0,"name":"Shaded","section":"Shading Mode"},"sceneLighting":true,"audioPlay":false,"sceneViewState":{"showFog":true,"showMaterialUpdate":false,"showSkybox":true,"showFlares":true,"showImageEffects":true,"showParticleSystems":true},"in2DMode":false,"pivot":{"x":10.334451675415039,"y":0.9553985595703125,"z":22.32368278503418},"rotation":{"x":0.07493315637111664,"y":0.7629081606864929,"z":-0.08991018682718277,"w":0.635837197303772},"size":10.0,"orthographic":false}